{
  "countries": [
    {
      "name": "Afghanistan",
      "cities": ["Kabul", "Herat", "Mazar-i-Sharif", "Kandahar"]
    },
    {
      "name": "Albania",
      "cities": ["Tirana", "Durrës", "Vlorë", "Shkodër"]
    },
    {
      "name": "Algeria",
      "cities": ["Algiers", "Oran", "Constantine", "Annaba"]
    },
    {
      "name": "Andorra",
      "cities": ["Andorra la Vella", "Escaldes-Engordany"]
    },
    {
      "name": "Angola",
      "cities": ["Luanda", "N'dalatando", "Huambo", "Lobito"]
    },
    {
      "name": "Antigua and Barbuda",
      "cities": ["Saint John's", "All Saints", "Liberta", "English Harbour"]
    },
    {
      "name": "Argentina",
      "cities": ["Buenos Aires", "Córdoba", "Rosario", "Mendoza"]
    },
    {
      "name": "Armenia",
      "cities": ["Yerevan", "Gyumri", "Vagharshapat", "Vanadzor"]
    },
    {
      "name": "Australia",
      "cities": ["Canberra", "Sydney", "Melbourne", "Brisbane"]
    },
    {
      "name": "Austria",
      "cities": ["Vienna", "Graz", "Linz", "Salzburg"]
    },
    {
      "name": "Azerbaijan",
      "cities": ["Baku", "Ganja", "Sumqayit", "Lankaran"]
    },
    {
      "name": "Bahamas",
      "cities": ["Nassau", "Freeport", "West End", "Great Abaco"]
    },
    {
      "name": "Bahrain",
      "cities": ["Manama", "Muharraq", "Riffa", "Sitra"]
    },
    {
      "name": "Bangladesh",
      "cities": ["Dhaka", "Chittagong", "Khulna", "Rajshahi"]
    },
    {
      "name": "Barbados",
      "cities": ["Bridgetown", "Speightstown", "Oistins", "Bathsheba"]
    },
    {
      "name": "Belarus",
      "cities": ["Minsk", "Gomel", "Mogilev", "Vitebsk"]
    },
    {
      "name": "Belgium",
      "cities": ["Brussels", "Antwerp", "Ghent", "Bruges"]
    },
    {
      "name": "Belize",
      "cities": ["Belmopan", "San Ignacio", "Corozal", "Orange Walk"]
    },
    {
      "name": "Benin",
      "cities": ["Porto-Novo", "Cotonou", "Djougou", "Parakou"]
    },
    {
      "name": "Bhutan",
      "cities": ["Thimphu", "Phuentsholing", "Paro", "Punakha"]
    },
    {
      "name": "Bolivia",
      "cities": ["Sucre", "La Paz", "Santa Cruz", "Cochabamba"]
    },
    {
      "name": "Bosnia and Herzegovina",
      "cities": ["Sarajevo", "Banja Luka", "Tuzla", "Zenica"]
    },
    {
      "name": "Botswana",
      "cities": ["Gaborone", "Francistown", "Molepolole", "Maun"]
    },
    {
      "name": "Brazil",
      "cities": ["Brasília", "São Paulo", "Rio de Janeiro", "Salvador"]
    },
    {
      "name": "Brunei",
      "cities": ["Bandar Seri Begawan", "Belait", "Tutong", "Lumut"]
    },
    {
      "name": "Bulgaria",
      "cities": ["Sofia", "Plovdiv", "Varna", "Burgas"]
    },
    {
      "name": "Burkina Faso",
      "cities": ["Ouagadougou", "Bobo-Dioulasso", "Koudougou", "Banfora"]
    },
    {
      "name": "Burundi",
      "cities": ["Gitega", "Bujumbura", "Ngozi", "Kayanza"]
    },
    {
      "name": "Cabo Verde",
      "cities": ["Praia", "Mindelo", "Santa Maria", "Espargos"]
    },
    {
      "name": "Cambodia",
      "cities": ["Phnom Penh", "Siem Reap", "Battambang", "Sihanoukville"]
    },
    {
      "name": "Cameroon",
      "cities": ["Yaoundé", "Douala", "Garoua", "Kumba"]
    },
    {
      "name": "Canada",
      "cities": ["Ottawa", "Toronto", "Vancouver", "Montreal"]
    },
    {
      "name": "Central African Republic",
      "cities": ["Bangui", "Bimbo", "Mbaiki", "Berberati"]
    },
    {
      "name": "Chad",
      "cities": ["N'Djamena", "Moundou", "Sarh", "Abéché"]
    },
    {
      "name": "Chile",
      "cities": ["Santiago", "Valparaíso", "Concepción", "La Serena"]
    },
    {
      "name": "China",
      "cities": ["Beijing", "Shanghai", "Guangzhou", "Shenzhen"]
    },
    {
      "name": "Colombia",
      "cities": ["Bogotá", "Medellín", "Cali", "Barranquilla"]
    },
    {
      "name": "Comoros",
      "cities": ["Moroni", "Moutsamoudou", "Domoni", "Fomboni"]
    },
    {
      "name": "Congo, Democratic Republic of the",
      "cities": ["Kinshasa", "Lubumbashi", "Mbuji-Mayi", "Kananga"]
    },
    {
      "name": "Congo, Republic of the",
      "cities": ["Brazzaville", "Pointe-Noire", "Dolisie", "Nkayi"]
    },
    {
      "name": "Costa Rica",
      "cities": ["San José", "Alajuela", "Cartago", "Heredia"]
    },
    {
      "name": "Croatia",
      "cities": ["Zagreb", "Split", "Rijeka", "Osijek"]
    },
    {
      "name": "Cuba",
      "cities": ["Havana", "Santiago de Cuba", "Camagüey", "Holguín"]
    },
    {
      "name": "Cyprus",
      "cities": ["Nicosia", "Limassol", "Larnaca", "Famagusta"]
    },
    {
      "name": "Czech Republic",
      "cities": ["Prague", "Brno", "Ostrava", "Plzeň"]
    },
    {
      "name": "Denmark",
      "cities": ["Copenhagen", "Aarhus", "Odense", "Aalborg"]
    },
    {
      "name": "Djibouti",
      "cities": ["Djibouti", "Ali Sabieh", "Dikhil", "Tadjourah"]
    },
    {
      "name": "Dominica",
      "cities": ["Roseau", "Portsmouth", "Marigot", "Salisbury"]
    },
    {
      "name": "Dominican Republic",
      "cities": ["Santo Domingo", "Santiago", "La Romana", "San Pedro de Macorís"]
    },
    {
      "name": "Ecuador",
      "cities": ["Quito", "Guayaquil", "Cuenca", "Santo Domingo"]
    },
    {
      "name": "Egypt",
      "cities": ["Cairo", "Alexandria", "Giza", "Luxor"]
    },
    {
      "name": "El Salvador",
      "cities": ["San Salvador", "Santa Ana", "San Miguel", "La Libertad"]
    },
    {
      "name": "Equatorial Guinea",
      "cities": ["Malabo", "Bata", "Ebebiyin", "Aconibe"]
    },
    {
      "name": "Eritrea",
      "cities": ["Asmara", "Keren", "Massawa", "Assab"]
    },
    {
      "name": "Estonia",
      "cities": ["Tallinn", "Tartu", "Narva", "Kohtla-Järve"]
    },
    {
      "name": "Eswatini",
      "cities": ["Mbabane", "Manzini", "Lubombo", "Hhohho"]
    },
    {
      "name": "Ethiopia",
      "cities": ["Addis Ababa", "Gondar", "Mekelle", "Awasa"]
    },
    {
      "name": "Fiji",
      "cities": ["Suva", "Nadi", "Lautoka", "Labasa"]
    },
    {
      "name": "Finland",
      "cities": ["Helsinki", "Espoo", "Tampere", "Vantaa"]
    },
    {
      "name": "France",
      "cities": ["Paris", "Marseille", "Lyon", "Toulouse"]
    },
    {
      "name": "Gabon",
      "cities": ["Libreville", "Port-Gentil", "Franceville", "Omboué"]
    },
    {
      "name": "Gambia",
      "cities": ["Banjul", "Serrekunda", "Bakau", "Brikama"]
    },
    {
      "name": "Georgia",
      "cities": ["Tbilisi", "Kutaisi", "Batumi", "Zugdidi"]
    },
    {
      "name": "Germany",
      "cities": ["Berlin", "Munich", "Frankfurt", "Hamburg"]
    },
    {
      "name": "Ghana",
      "cities": ["Accra", "Kumasi", "Tamale", "Takoradi"]
    },
    {
      "name": "Greece",
      "cities": ["Athens", "Thessaloniki", "Patras", "Heraklion"]
    },
    {
      "name": "Grenada",
      "cities": ["St. George's", "Grenville", "Carriacou", "Petit Martinique"]
    },
    {
      "name": "Guatemala",
      "cities": ["Guatemala City", "Quetzaltenango", "Escuintla", "Santa Ana"]
    },
    {
      "name": "Guinea",
      "cities": ["Conakry", "Nzérékoré", "Kankan", "Labe"]
    },
    {
      "name": "Guinea-Bissau",
      "cities": ["Bissau", "Bolama", "Cacheu", "Gabu"]
    },
    {
      "name": "Guyana",
      "cities": ["Georgetown", "Linden", "New Amsterdam", "Anna Regina"]
    },
    {
      "name": "Haiti",
      "cities": ["Port-au-Prince", "Cap-Haïtien", "Pétion-Ville", "Les Cayes"]
    },
    {
      "name": "Honduras",
      "cities": ["Tegucigalpa", "San Pedro Sula", "Choloma", "La Ceiba"]
    },
    {
      "name": "Hungary",
      "cities": ["Budapest", "Debrecen", "Szeged", "Miskolc"]
    },
    {
      "name": "Iceland",
      "cities": ["Reykjavik", "Kopavogur", "Hafnarfjordur", "Akureyri"]
    },
    {
      "name": "India",
      "cities": ["New Delhi", "Mumbai", "Bangalore", "Chennai"]
    },
    {
      "name": "Indonesia",
      "cities": ["Jakarta", "Surabaya", "Bandung", "Medan"]
    },
    {
      "name": "Iran",
      "cities": ["Tehran", "Isfahan", "Shiraz", "Tabriz"]
    },
    {
      "name": "Iraq",
      "cities": ["Baghdad", "Basra", "Mosul", "Erbil"]
    },
    {
      "name": "Ireland",
      "cities": ["Dublin", "Cork", "Limerick", "Galway"]
    },
    {
      "name": "Israel",
      "cities": ["Jerusalem", "Tel Aviv", "Haifa", "Rishon Lezion"]
    },
    {
      "name": "Italy",
      "cities": ["Rome", "Milan", "Naples", "Turin"]
    },
    {
      "name": "Jamaica",
      "cities": ["Kingston", "Montego Bay", "Spanish Town", "Portmore"]
    },
    {
      "name": "Japan",
      "cities": ["Tokyo", "Osaka", "Kyoto", "Hiroshima"]
    },
    {
      "name": "Jordan",
      "cities": ["Amman", "Zarqa", "Irbid", "Aqaba"]
    },
    {
      "name": "Kazakhstan",
      "cities": ["Almaty", "Astana", "Shymkent", "Karaganda"]
    },
    {
      "name": "Kenya",
      "cities": ["Nairobi", "Mombasa", "Kisumu", "Nakuru"]
    },
    {
      "name": "Kiribati",
      "cities": ["South Tarawa", "Betio", "Bairiki", "Teaoraereke"]
    },
    {
      "name": "Kuwait",
      "cities": ["Kuwait City", "Al Ahmadi", "Hawalli", "Salmiya"]
    },
    {
      "name": "Kyrgyzstan",
      "cities": ["Bishkek", "Osh", "Jalal-Abad", "TalAS"]
    },
    {
      "name": "Laos",
      "cities": ["Vientiane", "Luang Prabang", "Savannakhet", "Pakse"]
    },
    {
      "name": "Latvia",
      "cities": ["Riga", "Daugavpils", "Liepaja", "Jelgava"]
    },
    {
      "name": "Lebanon",
      "cities": ["Beirut", "Tripoli", "Sidon", "Tyre"]
    },
    {
      "name": "Lesotho",
      "cities": ["Maseru", "Teyateyaneng", "Maputsoe", "Leribe"]
    },
    {
      "name": "Liberia",
      "cities": ["Monrovia", "Gbarnga", "Buchanan", "Kakata"]
    },
    {
      "name": "Libya",
      "cities": ["Tripoli", "Benghazi", "Misrata", "Khoms"]
    },
    {
      "name": "Liechtenstein",
      "cities": ["Vaduz", "Schaan", "Balzers", "Eschen"]
    },
    {
      "name": "Lithuania",
      "cities": ["Vilnius", "Kaunas", "Klaipeda", "Šiauliai"]
    },
    {
      "name": "Luxembourg",
      "cities": ["Luxembourg City", "Esch-sur-Alzette", "Differdange", "Echternach"]
    },
    {
      "name": "Madagascar",
      "cities": ["Antananarivo", "Toamasina", "Antsiranana", "Fianarantsoa"]
    },
    {
      "name": "Malawi",
      "cities": ["Lilongwe", "Blantyre", "Mzuzu", "Zomba"]
    },
    {
      "name": "Malaysia",
      "cities": ["Kuala Lumpur", "George Town", "Ipoh", "Malacca"]
    },
    {
      "name": "Maldives",
      "cities": ["Malé", "Addu City", "Fuvahmulah", "Dhidhdhoo"]
    },
    {
      "name": "Mali",
      "cities": ["Bamako", "Sikasso", "Koutiala", "Kayes"]
    },
    {
      "name": "Malta",
      "cities": ["Valletta", "Birkirkara", "Sliema", "Gozo"]
    },
    {
      "name": "Marshall Islands",
      "cities": ["Majuro", "Ebeye", "Jabor", "Laura"]
    },
    {
      "name": "Mauritania",
      "cities": ["Nouakchott", "Nouadhibou", "Rosso", "Kaédi"]
    },
    {
      "name": "Mauritius",
      "cities": ["Port Louis", "Curepipe", "Vacoas-Phoenix", "Quatre Bornes"]
    },
    {
      "name": "Mexico",
      "cities": ["Mexico City", "Guadalajara", "Monterrey", "Puebla"]
    },
    {
      "name": "Micronesia",
      "cities": ["Palikir", "Kolonia", "Weno", "Tonoas"]
    },
    {
      "name": "Moldova",
      "cities": ["Chișinău", "Bălți", "Bender", "Rîbnița"]
    },
    {
      "name": "Monaco",
      "cities": ["Monaco", "Monte Carlo", "La Condamine", "Menton"]
    },
    {
      "name": "Mongolia",
      "cities": ["Ulaanbaatar", "Erdenet", "Darkhan", "Choibalsan"]
    },
    {
      "name": "Montenegro",
      "cities": ["Podgorica", "Nikšić", "Herceg Novi", "Bijelo Polje"]
    },
    {
      "name": "Morocco",
      "cities": ["Rabat", "Casablanca", "Marrakech", "Fes"]
    },
    {
      "name": "Mozambique",
      "cities": ["Maputo", "Matola", "Beira", "Nampula"]
    },
    {
      "name": "Myanmar",
      "cities": ["Naypyidaw", "Yangon", "Mandalay", "Pathein"]
    },
    {
      "name": "Namibia",
      "cities": ["Windhoek", "Swakopmund", "Walvis Bay", "Oshakati"]
    },
    {
      "name": "Nauru",
      "cities": ["Yaren", "Meneng", "Nibok", "Anibare"]
    },
    {
      "name": "Nepal",
      "cities": ["Kathmandu", "Pokhara", "Lalitpur", "Biratnagar"]
    },
    {
      "name": "Netherlands",
      "cities": ["Amsterdam", "Rotterdam", "The Hague", "Utrecht"]
    },
    {
      "name": "New Zealand",
      "cities": ["Wellington", "Auckland", "Christchurch", "Hamilton"]
    },
    {
      "name": "Nicaragua",
      "cities": ["Managua", "León", "Granada", "Masaya"]
    },
    {
      "name": "Niger",
      "cities": ["Niamey", "Maradi", "Zinder", "Diffa"]
    },
    {
      "name": "Nigeria",
      "cities": ["Abuja", "Lagos", "Port Harcourt", "Ibadan"]
    },
    {
      "name": "North Korea",
      "cities": ["Pyongyang", "Hamhung", "Chongjin", "Nampo"]
    },
    {
      "name": "North Macedonia",
      "cities": ["Skopje", "Bitola", "Kumanovo", "Ohrid"]
    },
    {
      "name": "Norway",
      "cities": ["Oslo", "Bergen", "Stavanger", "Drammen"]
    },
    {
      "name": "Oman",
      "cities": ["Muscat", "Salalah", "Sohar", "Nizwa"]
    },
    {
      "name": "Pakistan",
      "cities": ["Islamabad", "Karachi", "Lahore", "Faisalabad"]
    },
    {
      "name": "Palau",
      "cities": ["Ngerulmud", "Koror", "Airai", "Melekeok"]
    },
    {
      "name": "Palestine",
      "cities": ["East Jerusalem", "Gaza", "Hebron", "Bethlehem"]
    },
    {
      "name": "Panama",
      "cities": ["Panama City", "Colón", "David", "La Chorrera"]
    },
    {
      "name": "Papua New Guinea",
      "cities": ["Port Moresby", "Lae", "Mount Hagen", "Madang"]
    },
    {
      "name": "Paraguay",
      "cities": ["Asunción", "Ciudad del Este", "Encarnación", "Pedro Juan Caballero"]
    },
    {
      "name": "Peru",
      "cities": ["Lima", "Arequipa", "Trujillo", "Cusco"]
    },
    {
      "name": "Philippines",
      "cities": ["Manila", "Quezon City", "Cebu City", "Davao City"]
    },
    {
      "name": "Poland",
      "cities": ["Warsaw", "Kraków", "Łódź", "Wrocław"]
    },
    {
      "name": "Portugal",
      "cities": ["Lisbon", "Porto", "Amadora", "Braga"]
    },
    {
      "name": "Qatar",
      "cities": ["Doha", "Al Rayyan", "Al Wakrah", "Dukhan"]
    },
    {
      "name": "Romania",
      "cities": ["Bucharest", "Cluj-Napoca", "Timișoara", "Iași"]
    },
    {
      "name": "Russia",
      "cities": ["Moscow", "Saint Petersburg", "Novosibirsk", "Yekaterinburg"]
    },
    {
      "name": "Rwanda",
      "cities": ["Kigali", "Butare", "Gitarama", "Musanze"]
    },
    {
      "name": "Saint Kitts and Nevis",
      "cities": ["Basseterre", "Charlestown", "Newcastle", "Cayon"]
    },
    {
      "name": "Saint Lucia",
      "cities": ["Castries", "Gros Islet", "Vieux Fort", "Soufrière"]
    },
    {
      "name": "Saint Vincent and the Grenadines",
      "cities": ["Kingstown", "Georgetown", "Bequia", "Union Island"]
    },
    {
      "name": "Samoa",
      "cities": ["Apia", "Auckland", "Wellington", "Christchurch"]
    },
    {
      "name": "San Marino",
      "cities": ["San Marino", "Serravalle", "San Leo", "Montegiardino"]
    },
    {
      "name": "Sao Tome and Principe",
      "cities": ["São Tomé", "Principe", "Santana", "Neves"]
    },
    {
      "name": "Saudi Arabia",
      "cities": ["Riyadh", "Jeddah", "Mecca", "Medina"]
    },
    {
      "name": "Senegal",
      "cities": ["Dakar", "Saint-Louis", "Kaolack", "Touba"]
    },
    {
      "name": "Serbia",
      "cities": ["Belgrade", "Novi Sad", "Niš", "Kragujevac"]
    },
    {
      "name": "Seychelles",
      "cities": ["Victoria", "Beau Vallon", "Anse Royale", "Port Glaud"]
    },
    {
      "name": "Sierra Leone",
      "cities": ["Freetown", "Bo", "Kenema", "Makeni"]
    },
    {
      "name": "Singapore",
      "cities": ["Singapore", "Jurong East", "Woodlands", "Ang Mo Kio"]
    },
    {
      "name": "Slovakia",
      "cities": ["Bratislava", "Košice", "Prešov", "Nitra"]
    },
    {
      "name": "Slovenia",
      "cities": ["Ljubljana", "Maribor", "Celje", "Kranj"]
    },
    {
      "name": "Solomon Islands",
      "cities": ["Honiara", "Gizo", "Auki", "Noro"]
    },
    {
      "name": "Somalia",
      "cities": ["Mogadishu", "Hargeisa", "Kismayo", "Baidoa"]
    },
    {
      "name": "South Africa",
      "cities": ["Pretoria", "Cape Town", "Durban", "Johannesburg"]
    },
    {
      "name": "South Korea",
      "cities": ["Seoul", "Busan", "Incheon", "Daegu"]
    },
    {
      "name": "South Sudan",
      "cities": ["Juba", "Wau", "Malakal", "Bor"]
    },
    {
      "name": "Spain",
      "cities": ["Madrid", "Barcelona", "Valencia", "Seville"]
    },
    {
      "name": "Sri Lanka",
      "cities": ["Sri Jayawardenepura Kotte", "Colombo", "Kandy", "Galle"]
    },
    {
      "name": "Sudan",
      "cities": ["Khartoum", "Omdurman", "Port Sudan", "Nyala"]
    },
    {
      "name": "Suriname",
      "cities": ["Paramaribo", "Nieuw Nickerie", "Lelydorp", "Moengo"]
    },
    {
      "name": "Sweden",
      "cities": ["Stockholm", "Gothenburg", "Malmö", "Uppsala"]
    },
    {
      "name": "Switzerland",
      "cities": ["Bern", "Zurich", "Geneva", "Basel"]
    },
    {
      "name": "Syria",
      "cities": ["Damascus", "Aleppo", "Homs", "Latakia"]
    },
    {
      "name": "Taiwan",
      "cities": ["Taipei", "Kaohsiung", "Taichung", "Tainan"]
    },
    {
      "name": "Tajikistan",
      "cities": ["Dushanbe", "Khujand", "Kulob", "Isfara"]
    },
    {
      "name": "Tanzania",
      "cities": ["Dodoma", "Dar es Salaam", "Arusha", "Mbeya"]
    },
    {
      "name": "Thailand",
      "cities": ["Bangkok", "Chiang Mai", "Pattaya", "Khon Kaen"]
    },
    {
      "name": "Togo",
      "cities": ["Lomé", "Sokodé", "Kara", "Atakpamé"]
    },
    {
      "name": "Tonga",
      "cities": ["Nuku'alofa", "Lautoka", "Suva", "Auckland"]
    },
    {
      "name": "Trinidad and Tobago",
      "cities": ["Port of Spain", "San Fernando", "Scarborough", "Chaguanas"]
    },
    {
      "name": "Tunisia",
      "cities": ["Tunis", "Sfax", "Sousse", "Kairouan"]
    },
    {
      "name": "Turkey",
      "cities": ["Ankara", "Istanbul", "Izmir", "Bursa"]
    },
    {
      "name": "Turkmenistan",
      "cities": ["Ashgabat", "Turkmenbashi", "Mary", "Dashoguz"]
    },
    {
      "name": "Tuvalu",
      "cities": ["Funafuti", "Savave", "Nanumea", "Niutao"]
    },
    {
      "name": "Uganda",
      "cities": ["Kampala", "Entebbe", "Mbarara", "Jinja"]
    },
    {
      "name": "Ukraine",
      "cities": ["Kyiv", "Kharkiv", "Odesa", "Dnipro"]
    },
    {
      "name": "United Arab Emirates",
      "cities": ["Abu Dhabi", "Dubai", "Sharjah", "Ajman"]
    },
    {
      "name": "United Kingdom",
      "cities": ["London", "Birmingham", "Manchester", "Glasgow"]
    },
    {
      "name": "United States",
      "cities": ["Washington, D.C.", "New York City", "Los Angeles", "Chicago"]
    },
    {
      "name": "Uruguay",
      "cities": ["Montevideo", "Salto", "Paysandú", "Rivera"]
    },
    {
      "name": "Uzbekistan",
      "cities": ["Tashkent", "Samarkand", "Bukhara", "Namangan"]
    },
    {
      "name": "Vanuatu",
      "cities": ["Port Vila", "Luganville", "Espiritu Santo", "Tanna"]
    },
    {
      "name": "Vatican City",
      "cities": ["Vatican City", "Sistine Chapel", "Saint Peter's Basilica", "Castel Gandolfo"]
    },
    {
      "name": "Venezuela",
      "cities": ["Caracas", "Maracaibo", "Valencia", "Barquisimeto"]
    },
    {
      "name": "Vietnam",
      "cities": ["Hanoi", "Ho Chi Minh City", "Da Nang", "Hai Phong"]
    },
    {
      "name": "Yemen",
      "cities": ["Sana'a", "Aden", "Taiz", "Hodeidah"]
    },
    {
      "name": "Zambia",
      "cities": ["Lusaka", "Ndola", "Kitwe", "Livingstone"]
    },
    {
      "name": "Zimbabwe",
      "cities": ["Harare", "Bulawayo", "Gweru", "Mutare"]
    }
  ]
}